{
  "accepted_counts": {
    "command_injection": 179,
    "directory_traversal": 160,
    "open_redirect": 167,
    "remote_code_execution": 191,
    "sql": 149,
    "xsrf": 200,
    "xss": 159
  },
  "selected_synthetic": {
    "command_injection": 149,
    "directory_traversal": 149,
    "open_redirect": 149,
    "remote_code_execution": 149,
    "sql": 149,
    "xsrf": 149,
    "xss": 149
  },
  "real_commits": {
    "command_injection": 106,
    "directory_traversal": 140,
    "open_redirect": 93,
    "remote_code_execution": 54,
    "sql": 149,
    "xsrf": 141,
    "xss": 69
  },
  "windows": {
    "('synthetic', 'train', 'positive')": 2908,
    "('synthetic', 'train', 'negative')": 2898,
    "('synthetic', 'test', 'positive')": 644,
    "('synthetic', 'test', 'negative')": 643,
    "('synthetic', 'validation', 'positive')": 612,
    "('synthetic', 'validation', 'negative')": 616,
    "('real', 'train', 'positive')": 3730,
    "('real', 'train', 'negative')": 3248,
    "('real', 'validation', 'positive')": 655,
    "('real', 'validation', 'negative')": 596,
    "('real', 'test', 'positive')": 749,
    "('real', 'test', 'negative')": 638
  },
  "aggregate_macro_f1": {
    "lstm:A": 0.5708844979233303,
    "lstm:B": 0.4408231297972191,
    "lstm:C": 0.6174710522888189,
    "mlp:A": 0.6847521345782379,
    "mlp:B": 0.4332603057109866,
    "mlp:C": 0.7160950453612668,
    "random_forest:A": 0.6984340540317049,
    "random_forest:B": 0.4585071207293641,
    "random_forest:C": 0.6636513048753073,
    "cnn:A": 0.647690777569952,
    "cnn:B": 0.3960531350310596,
    "cnn:C": 0.607274250227224,
    "lstm_codebert:A": 0.46633409842145,
    "lstm_codebert:B": 0.4880515179191865,
    "lstm_codebert:C": 0.4665723406552149,
    "cnn_codebert:A": 0.5992435515813493,
    "cnn_codebert:B": 0.4415064522734505,
    "cnn_codebert:C": 0.5590977542470756,
    "lstm_graphcodebert:A": 0.509842625064542,
    "lstm_graphcodebert:B": 0.4919101130845653,
    "lstm_graphcodebert:C": 0.5523991711816677,
    "cnn_graphcodebert:A": 0.6140346651718527,
    "cnn_graphcodebert:B": 0.42008672717157175,
    "cnn_graphcodebert:C": 0.6231828662560679
  },
  "best_by_cwe": [
    {
      "mode": "sql",
      "condition": "A",
      "model": "mlp",
      "accuracy": "0.7297297297297297",
      "precision": "0.7285714285714285",
      "recall": "0.8225806451612904",
      "f1": "0.7727272727272727",
      "macro_f1": "0.7196969696969697",
      "support": "222",
      "positive_support": "124"
    },
    {
      "mode": "command_injection",
      "condition": "C",
      "model": "mlp",
      "accuracy": "0.8045977011494253",
      "precision": "0.7941176470588235",
      "recall": "0.8617021276595744",
      "f1": "0.826530612244898",
      "macro_f1": "0.8014232008592911",
      "support": "174",
      "positive_support": "94"
    },
    {
      "mode": "directory_traversal",
      "condition": "A",
      "model": "cnn",
      "accuracy": "0.7366071428571429",
      "precision": "0.7194244604316546",
      "recall": "0.8333333333333334",
      "f1": "0.7722007722007722",
      "macro_f1": "0.73001573001573",
      "support": "224",
      "positive_support": "120"
    },
    {
      "mode": "open_redirect",
      "condition": "A",
      "model": "mlp",
      "accuracy": "0.7417582417582418",
      "precision": "0.7582417582417582",
      "recall": "0.7340425531914894",
      "f1": "0.745945945945946",
      "macro_f1": "0.7416880567718557",
      "support": "182",
      "positive_support": "94"
    },
    {
      "mode": "remote_code_execution",
      "condition": "C",
      "model": "mlp",
      "accuracy": "0.7122302158273381",
      "precision": "0.7246376811594203",
      "recall": "0.704225352112676",
      "f1": "0.7142857142857143",
      "macro_f1": "0.7122153209109732",
      "support": "139",
      "positive_support": "71"
    },
    {
      "mode": "xss",
      "condition": "C",
      "model": "mlp",
      "accuracy": "0.6455696202531646",
      "precision": "0.6363636363636364",
      "recall": "0.7",
      "f1": "0.6666666666666666",
      "macro_f1": "0.6441441441441441",
      "support": "79",
      "positive_support": "40"
    },
    {
      "mode": "xsrf",
      "condition": "A",
      "model": "random_forest",
      "accuracy": "0.7602179836512262",
      "precision": "0.7731481481481481",
      "recall": "0.8106796116504854",
      "f1": "0.7914691943127962",
      "macro_f1": "0.7547089561307571",
      "support": "367",
      "positive_support": "206"
    }
  ]
}